Grupos de Oficinas de S1:;
Agrupaciones de Oficinas para los informes de RECAUDACION;
---
cod_oficina;cod_grupo_oficina;grupo_oficina
0000;4;GESTION RECAUDATORIA
0100;7;UNIDAD EJECUTIVA
0200;7;UNIDAD EJECUTIVA
0300;7;UNIDAD EJECUTIVA
0301;7;UNIDAD EJECUTIVA
0302;7;UNIDAD EJECUTIVA
0400;0;OTRAS
0401;7;UNIDAD EJECUTIVA
0402;7;UNIDAD EJECUTIVA
0500;7;UNIDAD EJECUTIVA
0600;7;UNIDAD EJECUTIVA
0601;7;UNIDAD EJECUTIVA
0602;7;UNIDAD EJECUTIVA
0700;7;UNIDAD EJECUTIVA
0900;7;UNIDAD EJECUTIVA
1111;4;GESTION RECAUDATORIA
2100;7;UNIDAD EJECUTIVA
2200;7;UNIDAD EJECUTIVA
2300;7;UNIDAD EJECUTIVA
2301;7;UNIDAD EJECUTIVA
2400;7;UNIDAD EJECUTIVA
2500;7;UNIDAD EJECUTIVA
2501;7;UNIDAD EJECUTIVA
2502;7;UNIDAD EJECUTIVA
2503;7;UNIDAD EJECUTIVA
2504;7;UNIDAD EJECUTIVA
2505;7;UNIDAD EJECUTIVA
3100;7;UNIDAD EJECUTIVA
3101;4;GESTION RECAUDATORIA
4100;3;CONCURSALES
4200;2;APLAZAMIENTOS
4300;1;ACTUACIONES ESPECIALES
4301;1;ACTUACIONES ESPECIALES
4400;4;GESTION RECAUDATORIA
4401;4;GESTION RECAUDATORIA
4500;4;GESTION RECAUDATORIA
4600;5;INSPECCION RECAUDATORIA
4700;6;SERVICIO DE RECAUDACION
4900;7;UNIDAD EJECUTIVA
4901;7;UNIDAD EJECUTIVA
4904;6;SERVICIO DE RECAUDACION
4905;4;GESTION RECAUDATORIA
4906;7;UNIDAD EJECUTIVA
4907;7;UNIDAD EJECUTIVA
5000;7;UNIDAD EJECUTIVA
