﻿<?xml version="1.0" encoding="utf-8" ?>
<datos>
	<!-- Pagina de ayuda con expresiones regulares: http://www.regexr.com/ -->
	<reemplazos>
		<reemplazo>
			<!-- /* comentario */ -->
			<valorViejo>(\/\*.*\*\/)</valorViejo>
			<valorNuevo></valorNuevo>
		</reemplazo>
		<reemplazo>
			<!-- [dos guiones] comentario [fin de linea] -->
			<valorViejo>(\-\-[^\n]*)\n</valorViejo>
			<valorNuevo></valorNuevo>
		</reemplazo>
	</reemplazos>
	<regexContexto><![CDATA[[\s\t]*(?:alter|create)[\s\t]+([^\s\t]+)]]></regexContexto>
	<expresiones>
		<expresion arbol="Tablas" name="Create table"><![CDATA[create table (?:(?<bd>dbn1_stg_dhyf|dbn1_norm_dhyf|dbn1_dmr_dhyf)\.)?(?:(?:(?<esquema>[\w\-_]+)\.)?(?<nombreObjeto>[\w\-_]+))]]></expresion>
		<expresion arbol="Vistas" name="Create view"><![CDATA[create view (?:(?<=[\w\W]*use (?<bd>dbn1_stg_dhyf|dbn1_norm_dhyf|dbn1_dmr_dhyf)[\w\W]*)|(?:(?<bd>dbn1_stg_dhyf|dbn1_norm_dhyf|dbn1_dmr_dhyf)\.))(?:(?:(?<esquema>[\w\-_]+)\.)?(?<nombreObjeto>[\w\-_]+))]]></expresion>
		<expresion arbol="Tablas" name="Merge"><![CDATA[[\s\t\n\r]*merge[\s\t\n\r]+(?:(?<bd>dbn1_stg_dhyf|dbn1_norm_dhyf|dbn1_dmr_dhyf)\.)?(?:(?<esquema>[\w\-_]+)\.)?(?:(?<nombreObjeto>[\w\-_]+))]]></expresion>
		<expresion name="From, joins, apply"><![CDATA[(?:from|join|apply)[\s\t\n\r]+(?:(?<bd>dbn1_stg_dhyf|dbn1_norm_dhyf|dbn1_dmr_dhyf)\.)?(?:(?<esquema>[\w\-_]+)\.)?(?:(?<nombreObjeto>[\w\-_]+))]]></expresion>
	</expresiones>
	<elementosExcluidos>
		<elementoExcluido>allRows</elementoExcluido>
		<elementoExcluido>allRowsNumbered</elementoExcluido>
		<elementoExcluido>INFORMATION_SCHEMA</elementoExcluido>
	</elementosExcluidos>
</datos>
