﻿<?xml version="1.0" encoding="utf-8" ?>
<datos>
	<!-- Pagina de ayuda con expresiones regulares: http://www.regexr.com/ -->
	<reemplazos>
		<reemplazo>
			<!-- /* comentario */ -->
			<valorViejo>(\/\*.*\*\/)</valorViejo>
			<valorNuevo></valorNuevo>
		</reemplazo>
		<reemplazo>
			<!-- [dos guiones] comentario [fin de linea] -->
			<valorViejo>(\-\-[^\n]*)\n</valorViejo>
			<valorNuevo></valorNuevo>
		</reemplazo>
	</reemplazos>
	<regexContexto><![CDATA[[\s\t]*(?:alter|create)[\s\t]+([^\s\t]+)]]></regexContexto>
	<expresiones>
		<expresion name="Create"><![CDATA[create[\s\t\n\r]+(?<tipoObjeto>table|view|function|procedure)[\s\t\n\r]+(?<nombreObjeto>[\w\-_\.]+)\(]]></expresion>
		<expresion name="Merge"><![CDATA[[\s\t\n\r]*merge[\s\t\n\r]+(?<nombreObjeto>[^\s\t\n\r]+)]]></expresion>
		<expresion name="Drop table sin create" comment="Drop table sin haber un create table posterior"><![CDATA[drop[\s\t\n\r]+table[\s\t\n\r]+(?<nombreObjeto>[\w\-_\.]+)\b(?![\w\W]*create[\s\t\n\r]+table[\s\t\n\r]+\1)]]></expresion>
		<expresion name="From, joins, apply"><![CDATA[(?:from[\s\t\n\r]+(?<nombreObjeto>[\w\-_\.]+))|join[\s\t\n\r]+(?<nombreObjeto>[\w\-_\.]+)|apply[\s\t\n\r]+(?<nombreObjeto>[\w\-_\.]+)]]></expresion>
		<expresion name="Insert into"><![CDATA[insert[\s\t\n\r]+into[\s\t\n\r]+(?<nombreObjeto>[\w\-_\.]+)[\s\t\n\r]*\(]]></expresion>
		<expresion name="Update"><![CDATA[update[\s\t\n\r]+(?<nombreObjeto>[\w\-_\.]+)[\s\t\n\r]+set]]></expresion>
		<expresion name="Drop"><![CDATA[drop[\s\t\n\r]+(?<tipoObjeto>AGGREGATE|FULLTEXT INDEX|SEARCH PROPERTY LIST|APPLICATION ROLE|FULLTEXT STOPLIST|SECURITY POLICY|ASSEMBLY|FUNCTION|SEQUENCE|ASYMMETRIC KEY|INDEX|SERVER AUDIT|BROKER PRIORITY|CERTIFICATE|LOGIN|SERVICE|CONTRACT|MASTER KEY|SIGNATURE|CREDENTIAL|MESSAGE TYPE|STATISTICS|CRYPTOGRAPHIC PROVIDER|PARTITION FUNCTION|SYMMETRIC KEY|DATABASE|PARTITION SCHEME|SYNONYM|PROCEDURE|TABLE|QUEUE|TRIGGER|DEFAULT|TYPE|REMOTE SERVICE BINDING|ENDPOINT|RESOURCE POOL|USER|EVENT NOTIFICATION|ROLE|WORKLOAD GROUP|EVENT SESSION|ROUTE|FEDERATION|RULE|XML SCHEMA COLLECTION|FULLTEXT CATALOG|SCHEMA)[\s\t\n\r]+(?<nombreObjeto>[\w\-_\.]+)]]></expresion>
		<expresion name="Truncate table"><![CDATA[[\s\t\n\r]*truncate[\s\t\n\r]+table[\s\t\n\r]+(?<nombreObjeto>[\w\-_\.]+)]]></expresion>
	</expresiones>
	<elementosExcluidos>
		<elementoExcluido>allRows</elementoExcluido>
		<elementoExcluido>allRowsNumbered</elementoExcluido>
		<elementoExcluido>INFORMATION_SCHEMA</elementoExcluido>
		<elementoExcluido>VIEWS</elementoExcluido>
	</elementosExcluidos>
</datos>
